,US_Equities,US_10Yr_Bond,US_REITs,US_Commodities_Gold
US_Equities,0.022681358126593987,-0.001256361832706661,0.020477486279814626,0.001473537004329094
US_10Yr_Bond,-0.001256361832706661,0.003996178650594659,0.0019138703989836818,0.00226788311020945
US_REITs,0.020477486279814626,0.0019138703989836818,0.04233016910738166,0.004999147537699813
US_Commodities_Gold,0.001473537004329094,0.00226788311020945,0.004999147537699813,0.02668055125812223
