Strategy,Ann_Return,Ann_Vol,Sharpe,Max_Drawdown,Calmar,Avg_Turnover,Final_Wealth
Equal Weight  (Rolling 36m),0.06451316206282987,0.10501910966209092,0.6142992667754199,-0.40350537156546457,0.15988179243448628,0.0238233509995313,4.278204868725222
Equal Weight  (Expanding),0.06451316206282987,0.10501910966209092,0.6142992667754199,-0.40350537156546457,0.15988179243448628,0.0238233509995313,4.278204868725222
Min Volatility  (Rolling 36m),0.04155932491857284,0.05482860244330565,0.7579862164377866,-0.17022594502370805,0.24414213070037416,0.03916328852794354,2.5772305220707863
Min Volatility  (Expanding),0.0413071840395931,0.054666489081210114,0.7556216748843881,-0.16902791624876143,0.24438083930941074,0.016844477196566555,2.562763928238494
Max Diversification  (Rolling 36m),0.04399022572993738,0.05952802287316971,0.7389834838570546,-0.16149644541708236,0.2723912939156511,0.04752401219176366,2.7207714320432745
Max Diversification  (Expanding),0.044963271461853305,0.0614096504633302,0.7321857578183483,-0.19829822415931025,0.22674570915839562,0.020627703938276915,2.7803460699242613
