,US_Equities,US_10Yr_Bond,US_REITs,US_Commodities
US_Equities,0.022848627524243798,-0.0010149186954551746,0.019910785792544697,0.008527842410353963
US_10Yr_Bond,-0.0010149186954551746,0.003994299188310301,0.001897888757823988,-0.0017443835288243935
US_REITs,0.019910785792544697,0.001897888757823988,0.041843859829487545,0.008310674392970882
US_Commodities,0.008527842410353963,-0.0017443835288243935,0.008310674392970882,0.024548021948127864
