Strategy,Ann_Return,Ann_Vol,Sharpe,Max_Drawdown,Calmar,Avg_Turnover,Final_Wealth
Equal Weight (Rolling 60m),0.05427458462545287,0.10752053544942085,0.5047834294964462,-0.4035053715654645,0.13450771278430773,0.02393706702640269,3.0744463135200566
Equal Weight (Expanding),0.05427458462545287,0.10752053544942085,0.5047834294964462,-0.4035053715654645,0.13450771278430773,0.02393706702640269,3.0744463135200566
Min Volatility (Rolling 60m),0.03853759174295801,0.05573680604022365,0.6914208847049208,-0.19558865869983288,0.19703387711299306,0.14424897966650196,2.233429257958442
Min Volatility (Expanding),0.03979188586649829,0.053621513814570164,0.7420880731585378,-0.17345684377065496,0.22940510735402989,0.10778482653535339,2.2914559393748846
Max Div. (Rolling 60m),0.038185614478401186,0.059610069157897565,0.6405900046392092,-0.1721626850648907,0.22179959881555317,0.09803527980280181,2.217399243390895
Max Div. (Expanding),0.03989245031670574,0.06012947704398771,0.6634424957250572,-0.15727278178101303,0.25365133028709363,0.07454869495813268,2.296169985667093
